Epoch,loss,accuracy,val_loss,val_accuracy,Name,Repetition
0,1.8663873672485352,0.358951598405838,1.5396820306777954,0.49503204226493835,Feed-forward,0
1,1.5343286991119385,0.4927419424057007,1.3987858295440674,0.5581730604171753,Feed-forward,0
0,1.930970311164856,0.33995968103408813,1.5775201320648193,0.4971153736114502,Feed-forward,1
1,1.5576882362365723,0.48133063316345215,1.4057048559188843,0.562339723110199,Feed-forward,1
