Epoch,loss,accuracy,val_loss,val_accuracy,Name,Repetition
0,1.9537274837493896,0.32016924023628235,1.5249640941619873,0.48374277353286743,CNN,0
1,1.241761326789856,0.5713152289390564,1.0384570360183716,0.6381863951683044,CNN,0
0,1.9273525476455688,0.32453280687332153,1.4962515830993652,0.4620664715766907,CNN,1
1,1.1681352853775024,0.5916784405708313,0.9725112318992615,0.669255793094635,CNN,1
