Epoch,loss,accuracy,val_loss,val_accuracy,Name,Repetition
0,1.5976225137710571,0.48122355341911316,1.442681074142456,0.5220375657081604,Transformer,0
1,0.8888627886772156,0.7142101526260376,0.8427923321723938,0.7342846989631653,Transformer,0
0,1.7397483587265015,0.4417313039302826,2.1713509559631348,0.40570810437202454,Transformer,1
1,1.0142523050308228,0.670442521572113,0.7959839105606079,0.7485548853874207,Transformer,1
