Epoch,loss,accuracy,val_loss,val_accuracy,Name,Repetition
0,2.1715848445892334,0.2498387098312378,1.838437557220459,0.3783653974533081,Feed-forward,0
1,1.8719358444213867,0.34375,1.6654293537139893,0.46618589758872986,Feed-forward,0
0,2.2238008975982666,0.22995968163013458,1.8929412364959717,0.38189101219177246,Feed-forward,1
1,1.925805926322937,0.3217741847038269,1.7434918880462646,0.4208333194255829,Feed-forward,1
